Workbook

Sheet Analysis
A1: Interval | B1: Category | C1: Indicators (Recommended) | D1: Status
A2: 15m | B2: Volatility | C2: ATR(14), Bollinger Bands (20), Historical Volatility (HV 10/20) | D2: Done
A3: 15m | B3: Trend | C3: EMA 9–EMA 21, MACD (12,26,9)
A4: 15m | B4: Momentum | C4: RSI (14), Stochastic RSI
A5: 15m | B5: Volume-based | C5: OBV, VWAP (intraday)
A6: 15m | B6: Risk | C6: % Price Change, Max Drawdown (intraday), Volume Spike Index
A7: 1h | B7: Trend | C7: SMA 20, SMA 50, EMA 21, EMA 50
A8: 1h | B8: Momentum | C8: RSI 14, MACD
A9: 1h | B9: Volatility | C9: ATR 14, Bollinger Bands 20
A10: 1h | B10: Risk | C10: Daily VaR from 1h returns, Beta vs BTC Index
A11: 1h | B11: Volume | C11: OBV, Volume MA 20
A12: 4h | B12: Trend | C12: EMA 50, EMA 100, SMA 100
A13: 4h | B13: Momentum | C13: RSI 14, Stochastic RSI
A14: 4h | B14: Volatility | C14: ATR 14×√(4/24), Bollinger Bands 20
... A20: 1d | B20: Institutional | C20: OBV, VWAP (daily), Volume MA 20

Sheet Formulas
A1: EMA basics
A2: Formula | B2: EMA_today = (Close_today × α) + (EMA_yesterday × (1 − α)) Where: α = 2 / (N + 1) | C2: EMA 9 | D2: 9
C3: Alpha | D3: =2/(D2+1) -> 0.2
C4: 1-Alpha | D4: =1-(2/(D2+1)) -> 0.8
C5: EMA 21 | D5: 21
C6: Alpha | D6: =2/(D5+1) -> 0.090909091
C7: 1-Alpha | D7: =1-(2/(D5+1)) -> 0.90909091
C8: EMA 12 | D8: 12
C9: Alpha | D9: =2/(D8+1) -> 0.15384615
C10: 1-Alpha | D10: =1-(2/(D8+1)) -> 0.84615385
C11: EMA 26 | D11: 26
C12: Alpha | D12: =2/(D11+1) -> 0.074074074
C13: 1-Alpha | D13: =1-(2/(D11+1)) -> 0.92592593

Sheet All Coins 
A1: {=_xll.AllCoinsTickerStream()} -> no close frame received or sent: Traceback (most recent call last): File "C:\Program Files\Python311\Lib\asyncio\proactor_events.py", line 305, in _loop_reading self._read_fut = self._loop._proactor.recv_into(self._sock, self._data) ^^^^^^^^^^^^^^^^^^^^^^^^^^^^^^^^^^^^^^^^^^^^^^^^^^^^^^ File "C:\Program Files\Python311\Lib\asyncio\windows_events.py", line 486, in recv_into ov.WSARecvInto(conn.fileno(), buf, flags) ConnectionResetError: [WinError 10054] An existing connection was forcibly closed by the remote host The above exception was the direct cause of the following exception: Traceback (most recent call last): File "C:\Program Files\Python311\Lib\site-packages\xloil\register.py", line 192, in run_async async for result in fn(*args, **kwargs): File "C:\Users\HP\Desktop\MIS_Project\Bitcoin\Data\Ticker.py", line 69, in AllCoinsTickerStream async for raw in ws: File "C:\Program Files\Python311\Lib\site-packages\websockets\asyncio\connection.py", line 242, in __aiter__ yield await self.recv() ^^^^^^^^^^^^^^^^^ File "C:\Program Files\Python311\Lib\site-packages\websockets\asyncio\connection.py", line 322, in recv raise self.protocol.close_exc from self.recv_exc websockets.exceptions.ConnectionClosedError: no close frame received or sent

Sheet Ticker Streams
A1: BTCUSDT
A2: Matrix Name | B2: Value
A3: Event time | B3: {=_xll.TickerStream("BTCUSDT", "E")} -> 2025-12-19 09:06:06
A4: Symbol | B4: {=_xll.TickerStream("BTCUSDT", "s")} -> BTCUSDT
A5: Price change | B5: {=_xll.TickerStream("BTCUSDT", "p")} -> 1083.46
A6: Price change percent | B6: {=_xll.TickerStream("BTCUSDT", "P")/100} -> 0.01246
A7: Weighted average price | B7: {=_xll.TickerStream("BTCUSDT", "w")} -> 86851.6
A8: Last price | B8: {=_xll.TickerStream("BTCUSDT", "c")} -> 88006.33
A9: Last quantity | B9: {=_xll.TickerStream("BTCUSDT", "Q")} -> 0.00082
A10: Open price | B10: {=_xll.TickerStream("BTCUSDT", "o")} -> 86922.87
A11: High price | B11: {=_xll.TickerStream("BTCUSDT","h")} -> 89477.61
A12: Low price | B12: {=_xll.TickerStream("BTCUSDT", "l")} -> 84450.01
A13: Total traded base asset volume | B13: {=_xll.TickerStream("BTCUSDT", "v")} -> 29072.27
A14: Total traded quote asset volume | B14: {=_xll.TickerStream("BTCUSDT", "q")} -> 2.5249732e+09
A15: Statistics open time | B15: {=_xll.TickerStream("BTCUSDT", "O")} -> 2025-12-18 09:06:06
A16: Statistics close time | B16: {=_xll.TickerStream("BTCUSDT", "C")} -> 2025-12-19 09:06:06
A17: First trade ID | B17: {=_xll.TickerStream("BTCUSDT", "F")} -> 5676151014
A18: Last trade Id | B18: {=_xll.TickerStream("BTCUSDT", "L")} -> 5684288414
A19: Total number of trades | B19: {=_xll.TickerStream("BTCUSDT", "n")} -> 8137401

Sheet Portfolio Risk Matrics
A1: {=_xll.KlineStream("BTCUSDT","1d",'Performance Report'!C13)} -> OpenDateTimeIST | B1: Open | C1: High | D1: Low | E1: Close | F1: Volume | G1: CloseDateTimeIST | H1: QuoteAssetVolume | I1: NumberOfTrades | J1: TakerBuyBaseVol | K1: TakerBuyQuoteVol
A2: 46010.229 | B2: 85516.41 | C2: 88449.06 | D2: 85110.24 | E2: 88000.14 | F2: 7667.7863 | G2: 46011.229 | H2: 6.6726893e+08 | I2: 2395988 | J2: 4115.6099 | K2: 3.5832659e+08
A3: 46009.229 | B3: 86243.23 | C3: 89477.61 | D3: 84450.01 | E3: 85516.41 | F3: 25405.418 | G3: 46010.229 | H3: 2.2042239e+09 | I3: 6946947 | J3: 12668.538 | K3: 1.0986469e+09
A4: 46008.229 | B4: 87863.43 | C4: 90365.85 | D4: 85314 | E4: 86243.22 | F4: 19834.117 | G4: 46009.229 | H4: 1.7333485e+09 | I4: 6058638 | J4: 9277.2784 | K4: 8.1061801e+08
A5: 46007.229 | B5: 86432.08 | C5: 88175.98 | D5: 85266 | E5: 87863.42 | F5: 18456.05 | G5: 46008.229 | H5: 1.6046734e+09 | I5: 6099692 | J5: 9065.9775 | K5: 7.8873108e+08
A6: 46006.229 | B6: 88172.16 | C6: 90052.64 | D6: 85146.64 | E6: 86432.08 | F6: 19778.692 | G6: 46007.229 | H6: 1.7328234e+09 | I6: 6747167 | J6: 9592.4108 | K6: 8.4034965e+08
A7: 46005.229 | B7: 90240 | C7: 90472.4 | D7: 87577.36 | E7: 88172.17 | F7: 9416.94 | G7: 46006.229 | H7: 8.3907913e+08 | I7: 3115749 | J7: 4005.7083 | K7: 3.5690516e+08
A8: 46004.229 | B8: 90268.43 | C8: 90634.55 | D8: 89766.39 | E8: 90240.01 | F8: 5895.7079 | G8: 46005.229 | H8: 5.3225054e+08 | I8: 1363754 | J8: 2237.9847 | K8: 2.0206552e+08
A9: 46003.229 | B9: 92513.38 | C9: 92754 | D9: 89480 | E9: 90268.42 | F9: 16679.192 | G9: 46004.229 | H9: 1.5216834e+09 | I9: 4956719 | J9: 7986.6827 | K9: 7.2872436e+08
A10: 46002.229 | B10: 92015.38 | C10: 93555 | D10: 89260.63 | E10: 92513.38 | F10: 19972.588 | G10: 46003.229 | H10: 1.8143221e+09 | I10: 6250438 | J10: 9150.898 | K10: 8.3152992e+08
A11: 46001.229 | B11: 92678.81 | C11: 94476 | D11: 91563.15 | E11: 92015.37 | F11: 18998.681 | G11: 46002.229 | H11: 1.7587733e+09 | I11: 6025707 | J11: 9197.3312 | K11: 8.520123e+08
A12: 46000.229 | B12: 90634.35 | C12: 94588.99 | D12: 89500 | E12: 92678.8 | F12: 21240.43 | G12: 46001.229 | H12: 1.9562611e+09 | I12: 5940223 | J12: 10517.76 | K12: 9.6942601e+08
A13: 45999.229 | B13: 90395.32 | C13: 92287.15 | D13: 89612 | E13: 90634.34 | F13: 15793.639 | G13: 46000.229 | H13: 1.43692e+09 | I13: 5458731 | J13: 7296.7433 | K13: 6.6365458e+08
... A732: 45280.229 | B732: 42275.99 | C732: 44283 | D732: 42206 | E732: 43668.93 | F732: 48710.295 | G732: 45281.229 | H732: 2.1158139e+09 | I732: 1934588 | J732: 23912.137 | K732: 1.038694e+09

Sheet OHLC 15m
A1: {=_xll.KlineStream("BTCUSDT","15m",500)} -> no close frame received or sent: Traceback (most recent call last): File "C:\Program Files\Python311\Lib\asyncio\proactor_events.py", line 305, in _loop_reading self._read_fut = self._loop._proactor.recv_into(self._sock, self._data) ^^^^^^^^^^^^^^^^^^^^^^^^^^^^^^^^^^^^^^^^^^^^^^^^^^^^^^ File "C:\Program Files\Python311\Lib\asyncio\windows_events.py", line 486, in recv_into ov.WSARecvInto(conn.fileno(), buf, flags) ConnectionResetError: [WinError 10054] An existing connection was forcibly closed by the remote host The above exception was the direct cause of the following exception: Traceback (most recent call last): File "C:\Program Files\Python311\Lib\site-packages\xloil\register.py", line 192, in run_async async for result in fn(*args, **kwargs): File "C:\Users\HP\Desktop\MIS_Project\Bitcoin\Data\KlineStream.py", line 118, in KlineStream async for raw in ws: File "C:\Program Files\Python311\Lib\site-packages\websockets\asyncio\connection.py", line 242, in __aiter__ yield await self.recv() ^^^^^^^^^^^^^^^^^ File "C:\Program Files\Python311\Lib\site-packages\websockets\asyncio\connection.py", line 322, in recv raise self.protocol.close_exc from self.recv_exc websockets.exceptions.ConnectionClosedError: no close frame received or sent

Sheet OHLC 1h
A1: {=_xll.KlineStream("BTCUSDT","1h",500)} -> no close frame received or sent: Traceback (most recent call last): File "C:\Program Files\Python311\Lib\asyncio\proactor_events.py", line 305, in _loop_reading self._read_fut = self._loop._proactor.recv_into(self._sock, self._data) ^^^^^^^^^^^^^^^^^^^^^^^^^^^^^^^^^^^^^^^^^^^^^^^^^^^^^^ File "C:\Program Files\Python311\Lib\asyncio\windows_events.py", line 486, in recv_into ov.WSARecvInto(conn.fileno(), buf, flags) ConnectionResetError: [WinError 10054] An existing connection was forcibly closed by the remote host The above exception was the direct cause of the following exception: Traceback (most recent call last): File "C:\Program Files\Python311\Lib\site-packages\xloil\register.py", line 192, in run_async async for result in fn(*args, **kwargs): File "C:\Users\HP\Desktop\MIS_Project\Bitcoin\Data\KlineStream.py", line 118, in KlineStream async for raw in ws: File "C:\Program Files\Python311\Lib\site-packages\websockets\asyncio\connection.py", line 242, in __aiter__ yield await self.recv() ^^^^^^^^^^^^^^^^^ File "C:\Program Files\Python311\Lib\site-packages\websockets\asyncio\connection.py", line 322, in recv raise self.protocol.close_exc from self.recv_exc websockets.exceptions.ConnectionClosedError: no close frame received or sent

Sheet OHLC 4h
A1: {=_xll.KlineStream("BTCUSDT","4h",300)} -> no close frame received or sent: Traceback (most recent call last): File "C:\Program Files\Python311\Lib\asyncio\proactor_events.py", line 305, in _loop_reading self._read_fut = self._loop._proactor.recv_into(self._sock, self._data) ^^^^^^^^^^^^^^^^^^^^^^^^^^^^^^^^^^^^^^^^^^^^^^^^^^^^^^ File "C:\Program Files\Python311\Lib\asyncio\windows_events.py", line 486, in recv_into ov.WSARecvInto(conn.fileno(), buf, flags) ConnectionResetError: [WinError 10054] An existing connection was forcibly closed by the remote host The above exception was the direct cause of the following exception: Traceback (most recent call last): File "C:\Program Files\Python311\Lib\site-packages\xloil\register.py", line 192, in run_async async for result in fn(*args, **kwargs): File "C:\Users\HP\Desktop\MIS_Project\Bitcoin\Data\KlineStream.py", line 118, in KlineStream async for raw in ws: File "C:\Program Files\Python311\Lib\site-packages\websockets\asyncio\connection.py", line 242, in __aiter__ yield await self.recv() ^^^^^^^^^^^^^^^^^ File "C:\Program Files\Python311\Lib\site-packages\websockets\asyncio\connection.py", line 322, in recv raise self.protocol.close_exc from self.recv_exc websockets.exceptions.ConnectionClosedError: no close frame received or sent

Sheet OHLC 1d
A1: {='Portfolio Risk Matrics'!A1:K366} -> OpenDateTimeIST | B1: Open | C1: High | D1: Low | E1: Close | F1: Volume | G1: CloseDateTimeIST | H1: QuoteAssetVolume | I1: NumberOfTrades | J1: TakerBuyBaseVol | K1: TakerBuyQuoteVol
A2: 46010.229 | B2: 85516.41 | C2: 88449.06 | D2: 85110.24 | E2: 88000.14 | F2: 7667.7863 | G2: 46011.229 | H2: 6.6726893e+08 | I2: 2395988 | J2: 4115.6099 | K2: 3.5832659e+08
A3: 46009.229 | B3: 86243.23 | C3: 89477.61 | D3: 84450.01 | E3: 85516.41 | F3: 25405.418 | G3: 46010.229 | H3: 2.2042239e+09 | I3: 6946947 | J3: 12668.538 | K3: 1.0986469e+09
A4: 46008.229 | B4: 87863.43 | C4: 90365.85 | D4: 85314 | E4: 86243.22 | F4: 19834.117 | G4: 46009.229 | H4: 1.7333485e+09 | I4: 6058638 | J4: 9277.2784 | K4: 8.1061801e+08
A5: 46007.229 | B5: 86432.08 | C5: 88175.98 | D5: 85266 | E5: 87863.42 | F5: 18456.05 | G5: 46008.229 | H5: 1.6046734e+09 | I5: 6099692 | J5: 9065.9775 | K5: 7.8873108e+08
A6: 46006.229 | B6: 88172.16 | C6: 90052.64 | D6: 85146.64 | E6: 86432.08 | F6: 19778.692 | G6: 46007.229 | H6: 1.7328234e+09 | I6: 6747167 | J6: 9592.4108 | K6: 8.4034965e+08
A7: 46005.229 | B7: 90240 | C7: 90472.4 | D7: 87577.36 | E7: 88172.17 | F7: 9416.94 | G7: 46006.229 | H7: 8.3907913e+08 | I7: 3115749 | J7: 4005.7083 | K7: 3.5690516e+08
A8: 46004.229 | B8: 90268.43 | C8: 90634.55 | D8: 89766.39 | E8: 90240.01 | F8: 5895.7079 | G8: 46005.229 | H8: 5.3225054e+08 | I8: 1363754 | J8: 2237.9847 | K8: 2.0206552e+08
A9: 46003.229 | B9: 92513.38 | C9: 92754 | D9: 89480 | E9: 90268.42 | F9: 16679.192 | G9: 46004.229 | H9: 1.5216834e+09 | I9: 4956719 | J9: 7986.6827 | K9: 7.2872436e+08
A10: 46002.229 | B10: 92015.38 | C10: 93555 | D10: 89260.63 | E10: 92513.38 | F10: 19972.588 | G10: 46003.229 | H10: 1.8143221e+09 | I10: 6250438 | J10: 9150.898 | K10: 8.3152992e+08
A11: 46001.229 | B11: 92678.81 | C11: 94476 | D11: 91563.15 | E11: 92015.37 | F11: 18998.681 | G11: 46002.229 | H11: 1.7587733e+09 | I11: 6025707 | J11: 9197.3312 | K11: 8.520123e+08
A12: 46000.229 | B12: 90634.35 | C12: 94588.99 | D12: 89500 | E12: 92678.8 | F12: 21240.43 | G12: 46001.229 | H12: 1.9562611e+09 | I12: 5940223 | J12: 10517.76 | K12: 9.6942601e+08
A13: 45999.229 | B13: 90395.32 | C13: 92287.15 | D13: 89612 | E13: 90634.34 | F13: 15793.639 | G13: 46000.229 | H13: 1.43692e+09 | I13: 5458731 | J13: 7296.7433 | K13: 6.6365458e+08
... A366: 45646.229 | B366: 97461.86 | C366: 98233 | D366: 92232.54 | E366: 97805.44 | F366: 62884.136 | G366: 45647.229 | H366: 6.0228452e+09 | I366: 7429007 | J366: 29463.23 | K366: 2.8229393e+09

Sheet Indicators 15m
A1: {='OHLC 15m'!$A$1:$A$501} -> no close frame received or sent: Traceback (most recent call last): File "C:\Program Files\Python311\Lib\asyncio\proactor_events.py", line 305, in _loop_reading self._read_fut = self._loop._proactor.recv_into(self._sock, self._data) ^^^^^^^^^^^^^^^^^^^^^^^^^^^^^^^^^^^^^^^^^^^^^^^^^^^^^^ File "C:\Program Files\Python311\Lib\asyncio\windows_events.py", line 486, in recv_into ov.WSARecvInto(conn.fileno(), buf, flags) ConnectionResetError: [WinError 10054] An existing connection was forcibly closed by the remote host The above exception was the direct cause of the following exception: Traceback (most recent call last): File "C:\Program Files\Python311\Lib\site-packages\xloil\register.py", line 192, in run_async async for result in fn(*args, **kwargs): File "C:\Users\HP\Desktop\MIS_Project\Bitcoin\Data\KlineStream.py", line 118, in KlineStream async for raw in ws: File "C:\Program Files\Python311\Lib\site-packages\websockets\asyncio\connection.py", line 242, in __aiter__ yield await self.recv() ^^^^^^^^^^^^^^^^^ File "C:\Program Files\Python311\Lib\site-packages\websockets\asyncio\connection.py", line 322, in recv raise self.protocol.close_exc from self.recv_exc websockets.exceptions.ConnectionClosedError: no close frame received or sent | B1: {='OHLC 15m'!$B$1:$B$501} -> 0 | C1: {='OHLC 15m'!$C$1:$C$501} -> 0 | D1: {='OHLC 15m'!$D$1:$D$501} -> 0 | E1: {='OHLC 15m'!$E$1:$E$501} -> 0 | F1: {='OHLC 15m'!$F$1:$F$501} -> 0 | G1: True Range | H1: ATR (14) | I1: Middle Band (SMA 20) | J1: Standard Deviation | K1: Upper Band | L1: Lower Band | M1: Log Return | N1: HV 10 | O1: HV 20 | P1: EMA 9 | Q1: EMA 21 | R1: EMA 12 | S1: EMA 26 | T1: MACD Line | U1: Signal Line (EMA 9 of MACD) | V1: Histogram | W1: Price Change | X1: Gain | Y1: Loss | Z1: Avg Gain (14) | AA1: Avg Loss (14) | AB1: RSI (14) | AC1: Stochastic RSI | AD1: OBV | AE1: Typical Price | AF1: Cumulative TP×Vol | AG1: VWAP | AH1: % Price Change | AI1: Running Peak | AJ1: Drawdown | AK1: Volume Spike Index
A2: 0 | B2: 0 | C2: 0 | D2: 0 | E2: 0 | F2: 0 | G2: =MAX(C2-D2, ABS(C2-E3), ABS(D2-E3)) -> 0 | T2: =R2 - S2 -> 0 | V2: =T2 - U2 -> 0 | AD2: =0 -> 0 | AE2: =(C2+D2+E2)/3 -> 0 | AF2: =AE2*F2 -> 0 | AG2: =AF2 / F2 -> #DIV/0! | AI2: =E2 -> 0
A3: 0 | B3: 0 | C3: 0 | D3: 0 | E3: 0 | F3: 0 | G3: =MAX(C3-D3, ABS(C3-E4), ABS(D3-E4)) -> 0 | M3: =LN(E2/E3) -> #DIV/0! | T3: =R3 - S3 -> 0 | V3: =T3 - U3 -> 0 | W3: =E2-E3 -> 0 | X3: =MAX(W3,0) -> 0 | Y3: =MAX(-W3,0) -> 0 | AD3: =IF(E2>E3,AD2+F2,IF(E2<E3,AD2-F2,AD2)) -> 0 | AE3: =(C3+D3+E3)/3 -> 0 | AF3: =AF2 + AE3*F3 -> 0 | AG3: =AF3 / SUM(F$2:F3) -> #DIV/0! | AH3: =(E2-E3)/E3 -> #DIV/0! | AI3: =MAX(AI2,E3) -> 0 | AJ3: =(E3-AI3)/AI3 -> #DIV/0!
A4: 0 | B4: 0 | C4: 0 | D4: 0 | E4: 0 | F4: 0 | G4: =MAX(C4-D4, ABS(C4-E5), ABS(D4-E5)) -> 0 | M4: =LN(E3/E4) -> #DIV/0! | T4: =R4 - S4 -> 0 | V4: =T4 - U4 -> 0 | W4: =E3-E4 -> 0 | X4: =MAX(W4,0) -> 0 | Y4: =MAX(-W4,0) -> 0 | AD4: =IF(E3>E4,AD3+F3,IF(E3<E4,AD3-F3,AD3)) -> 0 | AE4: =(C4+D4+E4)/3 -> 0 | AF4: =AF3 + AE4*F4 -> 0 | AG4: =AF4 / SUM(F$2:F4) -> #DIV/0! | AH4: =(E3-E4)/E4 -> #DIV/0! | AI4: =MAX(AI3,E4) -> 0 | AJ4: =(E4-AI4)/AI4 -> #DIV/0!
A5: 0 | B5: 0 | C5: 0 | D5: 0 | E5: 0 | F5: 0 | G5: =MAX(C5-D5, ABS(C5-E6), ABS(D5-E6)) -> 0 | M5: =LN(E4/E5) -> #DIV/0! | T5: =R5 - S5 -> 0 | V5: =T5 - U5 -> 0 | W5: =E4-E5 -> 0 | X5: =MAX(W5,0) -> 0 | Y5: =MAX(-W5,0) -> 0 | AD5: =IF(E4>E5,AD4+F4,IF(E4<E5,AD4-F4,AD4)) -> 0 | AE5: =(C5+D5+E5)/3 -> 0 | AF5: =AF4 + AE5*F5 -> 0 | AG5: =AF5 / SUM(F$2:F5) -> #DIV/0! | AH5: =(E4-E5)/E5 -> #DIV/0! | AI5: =MAX(AI4,E5) -> 0 | AJ5: =(E5-AI5)/AI5 -> #DIV/0!
A6: 0 | B6: 0 | C6: 0 | D6: 0 | E6: 0 | F6: 0 | G6: =MAX(C6-D6, ABS(C6-E7), ABS(D6-E7)) -> 0 | M6: =LN(E5/E6) -> #DIV/0! | T6: =R6 - S6 -> 0 | V6: =T6 - U6 -> 0 | W6: =E5-E6 -> 0 | X6: =MAX(W6,0) -> 0 | Y6: =MAX(-W6,0) -> 0 | AD6: =IF(E5>E6,AD5+F5,IF(E5<E6,AD5-F5,AD5)) -> 0 | AE6: =(C6+D6+E6)/3 -> 0 | AF6: =AF5 + AE6*F6 -> 0 | AG6: =AF6 / SUM(F$2:F6) -> #DIV/0! | AH6: =(E5-E6)/E6 -> #DIV/0! | AI6: =MAX(AI5,E6) -> 0 | AJ6: =(E6-AI6)/AI6 -> #DIV/0!
A7: 0 | B7: 0 | C7: 0 | D7: 0 | E7: 0 | F7: 0 | G7: =MAX(C7-D7, ABS(C7-E8), ABS(D7-E8)) -> 0 | M7: =LN(E6/E7) -> #DIV/0! | T7: =R7 - S7 -> 0 | V7: =T7 - U7 -> 0 | W7: =E6-E7 -> 0 | X7: =MAX(W7,0) -> 0 | Y7: =MAX(-W7,0) -> 0 | AD7: =IF(E6>E7,AD6+F6,IF(E6<E7,AD6-F6,AD6)) -> 0 | AE7: =(C7+D7+E7)/3 -> 0 | AF7: =AF6 + AE7*F7 -> 0 | AG7: =AF7 / SUM(F$2:F7) -> #DIV/0! | AH7: =(E6-E7)/E7 -> #DIV/0! | AI7: =MAX(AI6,E7) -> 0 | AJ7: =(E7-AI7)/AI7 -> #DIV/0!
A8: 0 | B8: 0 | C8: 0 | D8: 0 | E8: 0 | F8: 0 | G8: =MAX(C8-D8, ABS(C8-E9), ABS(D8-E9)) -> 0 | M8: =LN(E7/E8) -> #DIV/0! | T8: =R8 - S8 -> 0 | V8: =T8 - U8 -> 0 | W8: =E7-E8 -> 0 | X8: =MAX(W8,0) -> 0 | Y8: =MAX(-W8,0) -> 0 | AD8: =IF(E7>E8,AD7+F7,IF(E7<E8,AD7-F7,AD7)) -> 0 | AE8: =(C8+D8+E8)/3 -> 0 | AF8: =AF7 + AE8*F8 -> 0 | AG8: =AF8 / SUM(F$2:F8) -> #DIV/0! | AH8: =(E7-E8)/E8 -> #DIV/0! | AI8: =MAX(AI7,E8) -> 0 | AJ8: =(E8-AI8)/AI8 -> #DIV/0!
A9: 0 | B9: 0 | C9: 0 | D9: 0 | E9: 0 | F9: 0 | G9: =MAX(C9-D9, ABS(C9-E10), ABS(D9-E10)) -> 0 | M9: =LN(E8/E9) -> #DIV/0! | T9: =R9 - S9 -> 0 | V9: =T9 - U9 -> 0 | W9: =E8-E9 -> 0 | X9: =MAX(W9,0) -> 0 | Y9: =MAX(-W9,0) -> 0 | AD9: =IF(E8>E9,AD8+F8,IF(E8<E9,AD8-F8,AD8)) -> 0 | AE9: =(C9+D9+E9)/3 -> 0 | AF9: =AF8 + AE9*F9 -> 0 | AG9: =AF9 / SUM(F$2:F9) -> #DIV/0! | AH9: =(E8-E9)/E9 -> #DIV/0! | AI9: =MAX(AI8,E9) -> 0 | AJ9: =(E9-AI9)/AI9 -> #DIV/0!
A10: 0 | B10: 0 | C10: 0 | D10: 0 | E10: 0 | F10: 0 | G10: =MAX(C10-D10, ABS(C10-E11), ABS(D10-E11)) -> 0 | M10: =LN(E9/E10) -> #DIV/0! | P10: =AVERAGE(E2:E10) -> 0 | T10: =R10 - S10 -> 0 | U10: =AVERAGE(T2:T10) -> 0 | V10: =T10 - U10 -> 0 | W10: =E9-E10 -> 0 | X10: =MAX(W10,0) -> 0 | Y10: =MAX(-W10,0) -> 0 | AD10: =IF(E9>E10,AD9+F9,IF(E9<E10,AD9-F9,AD9)) -> 0 | AE10: =(C10+D10+E10)/3 -> 0 | AF10: =AF9 + AE10*F10 -> 0 | AG10: =AF10 / SUM(F$2:F10) -> #DIV/0! | AH10: =(E9-E10)/E10 -> #DIV/0! | AI10: =MAX(AI9,E10) -> 0 | AJ10: =(E10-AI10)/AI10 -> #DIV/0!
A11: 0 | B11: 0 | C11: 0 | D11: 0 | E11: 0 | F11: 0 | G11: =MAX(C11-D11, ABS(C11-E12), ABS(D11-E12)) -> 0 | M11: =LN(E10/E11) -> #DIV/0! | N11: =_xlfn.STDEV.S(M2:M11)*SQRT(10) -> #DIV/0! | P11: =E11*(2/(9+1)) + P10*(1-(2/(9+1))) -> 0 | T11: =R11 - S11 -> 0 | U11: =T11*0.2 + U10*0.8 -> 0 | V11: =T11 - U11 -> 0 | W11: =E10-E11 -> 0 | X11: =MAX(W11,0) -> 0 | Y11: =MAX(-W11,0) -> 0 | AD11: =IF(E10>E11,AD10+F10,IF(E10<E11,AD10-F10,AD10)) -> 0 | AE11: =(C11+D11+E11)/3 -> 0 | AF11: =AF10 + AE11*F11 -> 0 | AG11: =AF11 / SUM(F$2:F11) -> #DIV/0! | AH11: =(E10-E11)/E11 -> #DIV/0! | AI11: =MAX(AI10,E11) -> 0 | AJ11: =(E11-AI11)/AI11 -> #DIV/0!
A12: 0 | B12: 0 | C12: 0 | D12: 0 | E12: 0 | F12: 0 | G12: =MAX(C12-D12, ABS(C12-E13), ABS(D12-E13)) -> 0 | M12: =LN(E11/E12) -> #DIV/0! | N12: =_xlfn.STDEV.S(M3:M12)*SQRT(10) -> #DIV/0! | P12: =E12*(2/(9+1)) + P11*(1-(2/(9+1))) -> 0 | T12: =R12 - S12 -> 0 | U12: =T12*0.2 + U11*0.8 -> 0 | V12: =T12 - U12 -> 0 | W12: =E11-E12 -> 0 | X12: =MAX(W12,0) -> 0 | Y12: =MAX(-W12,0) -> 0 | AD12: =IF(E11>E12,AD11+F11,IF(E11<E12,AD11-F11,AD11)) -> 0 | AE12: =(C12+D12+E12)/3 -> 0 | AF12: =AF11 + AE12*F12 -> 0 | AG12: =AF12 / SUM(F$2:F12) -> #DIV/0! | AH12: =(E11-E12)/E12 -> #DIV/0! | AI12: =MAX(AI11,E12) -> 0 | AJ12: =(E12-AI12)/AI12 -> #DIV/0!
A13: 0 | B13: 0 | C13: 0 | D13: 0 | E13: 0 | F13: 0 | G13: =MAX(C13-D13, ABS(C13-E14), ABS(D13-E14)) -> 0 | M13: =LN(E12/E13) -> #DIV/0! | N13: =_xlfn.STDEV.S(M4:M13)*SQRT(10) -> #DIV/0! | P13: =E13*(2/(9+1)) + P12*(1-(2/(9+1))) -> 0 | R13: =AVERAGE(E2:E13) -> 0 | T13: =R13 - S13 -> 0 | U13: =T13*0.2 + U12*0.8 -> 0 | V13: =T13 - U13 -> 0 | W13: =E12-E13 -> 0 | X13: =MAX(W13,0) -> 0 | Y13: =MAX(-W13,0) -> 0 | AD13: =IF(E12>E13,AD12+F12,IF(E12<E13,AD12-F12,AD12)) -> 0 | AE13: =(C13+D13+E13)/3 -> 0 | AF13: =AF12 + AE13*F13 -> 0 | AG13: =AF13 / SUM(F$2:F13) -> #DIV/0! | AH13: =(E12-E13)/E13 -> #DIV/0! | AI13: =MAX(AI12,E13) -> 0 | AJ13: =(E13-AI13)/AI13 -> #DIV/0!
A14: 0 | B14: 0 | C14: 0 | D14: 0 | E14: 0 | F14: 0 | G14: =MAX(C14-D14, ABS(C14-E15), ABS(D14-E15)) -> 0 | M14: =LN(E13/E14) -> #DIV/0! | N14: =_xlfn.STDEV.S(M5:M14)*SQRT(10) -> #DIV/0! | P14: =E14*(2/(9+1)) + P13*(1-(2/(9+1))) -> 0 | R14: =E14*(2/(12+1)) + R13*(1-(2/(12+1))) -> 0 | T14: =R14 - S14 -> 0 | U14: =T14*0.2 + U13*0.8 -> 0 | V14: =T14 - U14 -> 0 | W14: =E13-E14 -> 0 | X14: =MAX(W14,0) -> 0 | Y14: =MAX(-W14,0) -> 0 | AD14: =IF(E13>E14,AD13+F13,IF(E13<E14,AD13-F13,AD13)) -> 0 | AE14: =(C14+D14+E14)/3 -> 0 | AF14: =AF13 + AE14*F14 -> 0 | AG14: =AF14 / SUM(F$2:F14) -> #DIV/0! | AH14: =(E13-E14)/E14 -> #DIV/0! | AI14: =MAX(AI13,E14) -> 0 | AJ14: =(E14-AI14)/AI14 -> #DIV/0!
A15: 0 | B15: 0 | C15: 0 | D15: 0 | E15: 0 | F15: 0 | G15: =MAX(C15-D15, ABS(C15-E16), ABS(D15-E16)) -> 0 | H15: =AVERAGE(G2:G15) -> 0 | M15: =LN(E14/E15) -> #DIV/0! | N15: =_xlfn.STDEV.S(M6:M15)*SQRT(10) -> #DIV/0! | P15: =E15*(2/(9+1)) + P14*(1-(2/(9+1))) -> 0 | R15: =E15*(2/(12+1)) + R14*(1-(2/(12+1))) -> 0 | T15: =R15 - S15 -> 0 | U15: =T15*0.2 + U14*0.8 -> 0 | V15: =T15 - U15 -> 0 | W15: =E14-E15 -> 0 | X15: =MAX(W15,0) -> 0 | Y15: =MAX(-W15,0) -> 0 | Z15: =AVERAGE(X2:X15) -> 0 | AA15: =AVERAGE(Y2:Y15) -> 0 | AB15: =100-(100/(1+(Z15/AA15))) -> #DIV/0! | AC15: =IF( COUNT(AB2:AB15)<14, "", IF( MAX(AB2:AB15)=MIN(AB2:AB15), 0.5, (AB15-MIN(AB2:AB15)) / (MAX(AB2:AB15)-MIN(AB2:AB15)) ) ) | AD15: =IF(E14>E15,AD14+F14,IF(E14<E15,AD14-F14,AD14)) -> 0 | AE15: =(C15+D15+E15)/3 -> 0 | AF15: =AF14 + AE15*F15 -> 0 | AG15: =AF15 / SUM(F$2:F15) -> #DIV/0! | AH15: =(E14-E15)/E15 -> #DIV/0! | AI15: =MAX(AI14,E15) -> 0 | AJ15: =(E15-AI15)/AI15 -> #DIV/0!
A16: 0 | B16: 0 | C16: 0 | D16: 0 | E16: 0 | F16: 0 | G16: =MAX(C16-D16, ABS(C16-E17), ABS(D16-E17)) -> 0 | H16: =AVERAGE(G3:G16) -> 0 | M16: =LN(E15/E16) -> #DIV/0! | N16: =_xlfn.STDEV.S(M7:M16)*SQRT(10) -> #DIV/0! | P16: =E16*(2/(9+1)) + P15*(1-(2/(9+1))) -> 0 | R16: =E16*(2/(12+1)) + R15*(1-(2/(12+1))) -> 0 | T16: =R16 - S16 -> 0 | U16: =T16*0.2 + U15*0.8 -> 0 | V16: =T16 - U16 -> 0 | W16: =E15-E16 -> 0 | X16: =MAX(W16,0) -> 0 | Y16: =MAX(-W16,0) -> 0 | Z16: =AVERAGE(X3:X16) -> 0 | AA16: =AVERAGE(Y3:Y16) -> 0 | AB16: =100-(100/(1+(Z16/AA16))) -> #DIV/0! | AC16: =IF( COUNT(AB3:AB16)<14, "", IF( MAX(AB3:AB16)=MIN(AB3:AB16), 0.5, (AB16-MIN(AB3:AB16)) / (MAX(AB3:AB16)-MIN(AB3:AB16)) ) ) | AD16: =IF(E15>E16,AD15+F15,IF(E15<E16,AD15-F15,AD15)) -> 0 | AE16: =(C16+D16+E16)/3 -> 0 | AF16: =AF15 + AE16*F16 -> 0 | AG16: =AF16 / SUM(F$2:F16) -> #DIV/0! | AH16: =(E15-E16)/E16 -> #DIV/0! | AI16: =MAX(AI15,E16) -> 0 | AJ16: =(E16-AI16)/AI16 -> #DIV/0!
A17: 0 | B17: 0 | C17: 0 | D17: 0 | E17: 0 | F17: 0 | G17: =MAX(C17-D17, ABS(C17-E18), ABS(D17-E18)) -> 0 | H17: =AVERAGE(G4:G17) -> 0 | M17: =LN(E16/E17) -> #DIV/0! | N17: =_xlfn.STDEV.S(M8:M17)*SQRT(10) -> #DIV/0! | P17: =E17*(2/(9+1)) + P16*(1-(2/(9+1))) -> 0 | R17: =E17*(2/(12+1)) + R16*(1-(2/(12+1))) -> 0 | T17: =R17 - S17 -> 0 | U17: =T17*0.2 + U16*0.8 -> 0 | V17: =T17 - U17 -> 0 | W17: =E16-E17 -> 0 | X17: =MAX(W17,0) -> 0 | Y17: =MAX(-W17,0) -> 0 | Z17: =AVERAGE(X4:X17) -> 0 | AA17: =AVERAGE(Y4:Y17) -> 0 | AB17: =100-(100/(1+(Z17/AA17))) -> #DIV/0! | AC17: =IF( COUNT(AB4:AB17)<14, "", IF( MAX(AB4:AB17)=MIN(AB4:AB17), 0.5, (AB17-MIN(AB4:AB17)) / (MAX(AB4:AB17)-MIN(AB4:AB17)) ) ) | AD17: =IF(E16>E17,AD16+F16,IF(E16<E17,AD16-F16,AD16)) -> 0 | AE17: =(C17+D17+E17)/3 -> 0 | AF17: =AF16 + AE17*F17 -> 0 | AG17: =AF17 / SUM(F$2:F17) -> #DIV/0! | AH17: =(E16-E17)/E17 -> #DIV/0! | AI17: =MAX(AI16,E17) -> 0 | AJ17: =(E17-AI17)/AI17 -> #DIV/0!
A18: 0 | B18: 0 | C18: 0 | D18: 0 | E18: 0 | F18: 0 | G18: =MAX(C18-D18, ABS(C18-E19), ABS(D18-E19)) -> 0 | H18: =AVERAGE(G5:G18) -> 0 | M18: =LN(E17/E18) -> #DIV/0! | N18: =_xlfn.STDEV.S(M9:M18)*SQRT(10) -> #DIV/0! | P18: =E18*(2/(9+1)) + P17*(1-(2/(9+1))) -> 0 | R18: =E18*(2/(12+1)) + R17*(1-(2/(12+1))) -> 0 | T18: =R18 - S18 -> 0 | U18: =T18*0.2 + U17*0.8 -> 0 | V18: =T18 - U18 -> 0 | W18: =E17-E18 -> 0 | X18: =MAX(W18,0) -> 0 | Y18: =MAX(-W18,0) -> 0 | Z18: =AVERAGE(X5:X18) -> 0 | AA18: =AVERAGE(Y5:Y18) -> 0 | AB18: =100-(100/(1+(Z18/AA18))) -> #DIV/0! | AC18: =IF( COUNT(AB5:AB18)<14, "", IF( MAX(AB5:AB18)=MIN(AB5:AB18), 0.5, (AB18-MIN(AB5:AB18)) / (MAX(AB5:AB18)-MIN(AB5:AB18)) ) ) | AD18: =IF(E17>E18,AD17+F17,IF(E17<E18,AD17-F17,AD17)) -> 0 | AE18: =(C18+D18+E18)/3 -> 0 | AF18: =AF17 + AE18*F18 -> 0 | AG18: =AF18 / SUM(F$2:F18) -> #DIV/0! | AH18: =(E17-E18)/E18 -> #DIV/0! | AI18: =MAX(AI17,E18) -> 0 | AJ18: =(E18-AI18)/AI18 -> #DIV/0!
A19: 0 | B19: 0 | C19: 0 | D19: 0 | E19: 0 | F19: 0 | G19: =MAX(C19-D19, ABS(C19-E20), ABS(D19-E20)) -> 0 | H19: =AVERAGE(G6:G19) -> 0 | M19: =LN(E18/E19) -> #DIV/0! | N19: =_xlfn.STDEV.S(M10:M19)*SQRT(10) -> #DIV/0! | P19: =E19*(2/(9+1)) + P18*(1-(2/(9+1))) -> 0 | R19: =E19*(2/(12+1)) + R18*(1-(2/(12+1))) -> 0 | T19: =R19 - S19 -> 0 | U19: =T19*0.2 + U18*0.8 -> 0 | V19: =T19 - U19 -> 0 | W19: =E18-E19 -> 0 | X19: =MAX(W19,0) -> 0 | Y19: =MAX(-W19,0) -> 0 | Z19: =AVERAGE(X6:X19) -> 0 | AA19: =AVERAGE(Y6:Y19) -> 0 | AB19: =100-(100/(1+(Z19/AA19))) -> #DIV/0! | AC19: =IF( COUNT(AB6:AB19)<14, "", IF( MAX(AB6:AB19)=MIN(AB6:AB19), 0.5, (AB19-MIN(AB6:AB19)) / (MAX(AB6:AB19)-MIN(AB6:AB19)) ) ) | AD19: =IF(E18>E19,AD18+F18,IF(E18<E19,AD18-F18,AD18)) -> 0 | AE19: =(C19+D19+E19)/3 -> 0 | AF19: =AF18 + AE19*F19 -> 0 | AG19: =AF19 / SUM(F$2:F19) -> #DIV/0! | AH19: =(E18-E19)/E19 -> #DIV/0! | AI19: =MAX(AI18,E19) -> 0 | AJ19: =(E19-AI19)/AI19 -> #DIV/0!
A20: 0 | B20: 0 | C20: 0 | D20: 0 | E20: 0 | F20: 0 | G20: =MAX(C20-D20, ABS(C20-E21), ABS(D20-E21)) -> 0 | H20: =AVERAGE(G7:G20) -> 0 | M20: =LN(E19/E20) -> #DIV/0! | N20: =_xlfn.STDEV.S(M11:M20)*SQRT(10) -> #DIV/0! | P20: =E20*(2/(9+1)) + P19*(1-(2/(9+1))) -> 0 | R20: =E20*(2/(12+1)) + R19*(1-(2/(12+1))) -> 0 | T20: =R20 - S20 -> 0 | U20: =T20*0.2 + U19*0.8 -> 0 | V20: =T20 - U20 -> 0 | W20: =E19-E20 -> 0 | X20: =MAX(W20,0) -> 0 | Y20: =MAX(-W20,0) -> 0 | Z20: =AVERAGE(X7:X20) -> 0 | AA20: =AVERAGE(Y7:Y20) -> 0 | AB20: =100-(100/(1+(Z20/AA20))) -> #DIV/0! | AC20: =IF( COUNT(AB7:AB20)<14, "", IF( MAX(AB7:AB20)=MIN(AB7:AB20), 0.5, (AB20-MIN(AB7:AB20)) / (MAX(AB7:AB20)-MIN(AB7:AB20)) ) ) | AD20: =IF(E19>E20,AD19+F19,IF(E19<E20,AD19-F19,AD19)) -> 0 | AE20: =(C20+D20+E20)/3 -> 0 | AF20: =AF19 + AE20*F20 -> 0 | AG20: =AF20 / SUM(F$2:F20) -> #DIV/0! | AH20: =(E19-E20)/E20 -> #DIV/0! | AI20: =MAX(AI19,E20) -> 0 | AJ20: =(E20-AI20)/AI20 -> #DIV/0!
A21: 0 | B21: 0 | C21: 0 | D21: 0 | E21: 0 | F21: 0 | G21: =MAX(C21-D21, ABS(C21-E22), ABS(D21-E22)) -> 0 | H21: =AVERAGE(G8:G21) -> 0 | I21: =AVERAGE(E2:E21) -> 0 | J21: =_xlfn.STDEV.S(E2:E21) -> 0 | K21: =I21 + 2*J21 -> 0 | L21: =I21 - 2*J21 -> 0 | M21: =LN(E20/E21) -> #DIV/0! | N21: =_xlfn.STDEV.S(M12:M21)*SQRT(10) -> #DIV/0! | O21: =_xlfn.STDEV.S(M2:M21)*SQRT(20) -> #DIV/0! | P21: =E21*(2/(9+1)) + P20*(1-(2/(9+1))) -> 0 | R21: =E21*(2/(12+1)) + R20*(1-(2/(12+1))) -> 0 | T21: =R21 - S21 -> 0 | U21: =T21*0.2 + U20*0.8 -> 0 | V21: =T21 - U21 -> 0 | W21: =E20-E21 -> 0 | X21: =MAX(W21,0) -> 0 | Y21: =MAX(-W21,0) -> 0 | Z21: =AVERAGE(X8:X21) -> 0 | AA21: =AVERAGE(Y8:Y21) -> 0 | AB21: =100-(100/(1+(Z21/AA21))) -> #DIV/0! | AC21: =IF( COUNT(AB8:AB21)<14, "", IF( MAX(AB8:AB21)=MIN(AB8:AB21), 0.5, (AB21-MIN(AB8:AB21)) / (MAX(AB8:AB21)-MIN(AB8:AB21)) ) ) | AD21: =IF(E20>E21,AD20+F20,IF(E20<E21,AD20-F20,AD20)) -> 0 | AE21: =(C21+D21+E21)/3 -> 0 | AF21: =AF20 + AE21*F21 -> 0 | AG21: =AF21 / SUM(F$2:F21) -> #DIV/0! | AH21: =(E20-E21)/E21 -> #DIV/0! | AI21: =MAX(AI20,E21) -> 0 | AJ21: =(E21-AI21)/AI21 -> #DIV/0! | AK21: =F2 / AVERAGE(F2:F21) -> #DIV/0!
A22: 0 | B22: 0 | C22: 0 | D22: 0 | E22: 0 | F22: 0 | G22: =MAX(C22-D22, ABS(C22-E23), ABS(D22-E23)) -> 0 | H22: =AVERAGE(G9:G22) -> 0 | I22: =AVERAGE(E3:E22) -> 0 | J22: =_xlfn.STDEV.S(E3:E22) -> 0 | K22: =I22 + 2*J22 -> 0 | L22: =I22 - 2*J22 -> 0 | M22: =LN(E21/E22) -> #DIV/0! | N22: =_xlfn.STDEV.S(M13:M22)*SQRT(10) -> #DIV/0! | O22: =_xlfn.STDEV.S(M3:M22)*SQRT(20) -> #DIV/0! | P22: =E22*(2/(9+1)) + P21*(1-(2/(9+1))) -> 0 | Q22: =AVERAGE(E2:E22) -> 0 | R22: =E22*(2/(12+1)) + R21*(1-(2/(12+1))) -> 0 | T22: =R22 - S22 -> 0 | U22: =T22*0.2 + U21*0.8 -> 0 | V22: =T22 - U22 -> 0 | W22: =E21-E22 -> 0 | X22: =MAX(W22,0) -> 0 | Y22: =MAX(-W22,0) -> 0 | Z22: =AVERAGE(X9:X22) -> 0 | AA22: =AVERAGE(Y9:Y22) -> 0 | AB22: =100-(100/(1+(Z22/AA22))) -> #DIV/0! | AC22: =IF( COUNT(AB9:AB22)<14, "", IF( MAX(AB9:AB22)=MIN(AB9:AB22), 0.5, (AB22-MIN(AB9:AB22)) / (MAX(AB9:AB22)-MIN(AB9:AB22)) ) ) | AD22: =IF(E21>E22,AD21+F21,IF(E21<E22,AD21-F21,AD21)) -> 0 | AE22: =(C22+D22+E22)/3 -> 0 | AF22: =AF21 + AE22*F22 -> 0 | AG22: =AF22 / SUM(F$2:F22) -> #DIV/0! | AH22: =(E21-E22)/E22 -> #DIV/0! | AI22: =MAX(AI21,E22) -> 0 | AJ22: =(E22-AI22)/AI22 -> #DIV/0! | AK22: =F3 / AVERAGE(F3:F22) -> #DIV/0!
A23: 0 | B23: 0 | C23: 0 | D23: 0 | E23: 0 | F23: 0 | G23: =MAX(C23-D23, ABS(C23-E24), ABS(D23-E24)) -> 0 | H23: =AVERAGE(G10:G23) -> 0 | I23: =AVERAGE(E4:E23) -> 0 | J23: =_xlfn.STDEV.S(E4:E23) -> 0 | K23: =I23 + 2*J23 -> 0 | L23: =I23 - 2*J23 -> 0 | M23: =LN(E22/E23) -> #DIV/0! | N23: =_xlfn.STDEV.S(M14:M23)*SQRT(10) -> #DIV/0! | O23: =_xlfn.STDEV.S(M4:M23)*SQRT(20) -> #DIV/0! | P23: =E23*(2/(9+1)) + P22*(1-(2/(9+1))) -> 0 | Q23: =E23*(2/(21+1)) + Q22*(1-(2/(21+1))) -> 0 | R23: =E23*(2/(12+1)) + R22*(1-(2/(12+1))) -> 0 | T23: =R23 - S23 -> 0 | U23: =T23*0.2 + U22*0.8 -> 0 | V23: =T23 - U23 -> 0 | W23: =E22-E23 -> 0 | X23: =MAX(W23,0) -> 0 | Y23: =MAX(-W23,0) -> 0 | Z23: =AVERAGE(X10:X23) -> 0 | AA23: =AVERAGE(Y10:Y23) -> 0 | AB23: =100-(100/(1+(Z23/AA23))) -> #DIV/0! | AC23: =IF( COUNT(AB10:AB23)<14, "", IF( MAX(AB10:AB23)=MIN(AB10:AB23), 0.5, (AB23-MIN(AB10:AB23)) / (MAX(AB10:AB23)-MIN(AB10:AB23)) ) ) | AD23: =IF(E22>E23,AD22+F22,IF(E22<E23,AD22-F22,AD22)) -> 0 | AE23: =(C23+D23+E23)/3 -> 0 | AF23: =AF22 + AE23*F23 -> 0 | AG23: =AF23 / SUM(F$2:F23) -> #DIV/0! | AH23: =(E22-E23)/E23 -> #DIV/0! | AI23: =MAX(AI22,E23) -> 0 | AJ23: =(E23-AI23)/AI23 -> #DIV/0! | AK23: =F4 / AVERAGE(F4:F23) -> #DIV/0!
A24: 0 | B24: 0 | C24: 0 | D24: 0 | E24: 0 | F24: 0 | G24: =MAX(C24-D24, ABS(C24-E25), ABS(D24-E25)) -> 0 | H24: =AVERAGE(G11:G24) -> 0 | I24: =AVERAGE(E5:E24) -> 0 | J24: =_xlfn.STDEV.S(E5:E24) -> 0 | K24: =I24 + 2*J24 -> 0 | L24: =I24 - 2*J24 -> 0 | M24: =LN(E23/E24) -> #DIV/0! | N24: =_xlfn.STDEV.S(M15:M24)*SQRT(10) -> #DIV/0! | O24: =_xlfn.STDEV.S(M5:M24)*SQRT(20) -> #DIV/0! | P24: =E24*(2/(9+1)) + P23*(1-(2/(9+1))) -> 0 | Q24: =E24*(2/(21+1)) + Q23*(1-(2/(21+1))) -> 0 | R24: =E24*(2/(12+1)) + R23*(1-(2/(12+1))) -> 0 | T24: =R24 - S24 -> 0 | U24: =T24*0.2 + U23*0.8 -> 0 | V24: =T24 - U24 -> 0 | W24: =E23-E24 -> 0 | X24: =MAX(W24,0) -> 0 | Y24: =MAX(-W24,0) -> 0 | Z24: =AVERAGE(X11:X24) -> 0 | AA24: =AVERAGE(Y11:Y24) -> 0 | AB24: =100-(100/(1+(Z24/AA24))) -> #DIV/0! | AC24: =IF( COUNT(AB11:AB24)<14, "", IF( MAX(AB11:AB24)=MIN(AB11:AB24), 0.5, (AB24-MIN(AB11:AB24)) / (MAX(AB11:AB24)-MIN(AB11:AB24)) ) ) | AD24: =IF(E23>E24,AD23+F23,IF(E23<E24,AD23-F23,AD23)) -> 0 | AE24: =(C24+D24+E24)/3 -> 0 | AF24: =AF23 + AE24*F24 -> 0 | AG24: =AF24 / SUM(F$2:F24) -> #DIV/0! | AH24: =(E23-E24)/E24 -> #DIV/0! | AI24: =MAX(AI23,E24) -> 0 | AJ24: =(E24-AI24)/AI24 -> #DIV/0! | AK24: =F5 / AVERAGE(F5:F24) -> #DIV/0!
A25: 0 | B25: 0 | C25: 0 | D25: 0 | E25: 0 | F25: 0 | G25: =MAX(C25-D25, ABS(C25-E26), ABS(D25-E26)) -> 0 | H25: =AVERAGE(G12:G25) -> 0 | I25: =AVERAGE(E6:E25) -> 0 | J25: =_xlfn.STDEV.S(E6:E25) -> 0 | K25: =I25 + 2*J25 -> 0 | L25: =I25 - 2*J25 -> 0 | M25: =LN(E24/E25) -> #DIV/0! | N25: =_xlfn.STDEV.S(M16:M25)*SQRT(10) -> #DIV/0! | O25: =_xlfn.STDEV.S(M6:M25)*SQRT(20) -> #DIV/0! | P25: =E25*(2/(9+1)) + P24*(1-(2/(9+1))) -> 0 | Q25: =E25*(2/(21+1)) + Q24*(1-(2/(21+1))) -> 0 | R25: =E25*(2/(12+1)) + R24*(1-(2/(12+1))) -> 0 | T25: =R25 - S25 -> 0 | U25: =T25*0.2 + U24*0.8 -> 0 | V25: =T25 - U25 -> 0 | W25: =E24-E25 -> 0 | X25: =MAX(W25,0) -> 0 | Y25: =MAX(-W25,0) -> 0 | Z25: =AVERAGE(X12:X25) -> 0 | AA25: =AVERAGE(Y12:Y25) -> 0 | AB25: =100-(100/(1+(Z25/AA25))) -> #DIV/0! | AC25: =IF( COUNT(AB12:AB25)<14, "", IF( MAX(AB12:AB25)=MIN(AB12:AB25), 0.5, (AB25-MIN(AB12:AB25)) / (MAX(AB12:AB25)-MIN(AB12:AB25)) ) ) | AD25: =IF(E24>E25,AD24+F24,IF(E24<E25,AD24-F24,AD24)) -> 0 | AE25: =(C25+D25+E25)/3 -> 0 | AF25: =AF24 + AE25*F25 -> 0 | AG25: =AF25 / SUM(F$2:F25) -> #DIV/0! | AH25: =(E24-E25)/E25 -> #DIV/0! | AI25: =MAX(AI24,E25) -> 0 | AJ25: =(E25-AI25)/AI25 -> #DIV/0! | AK25: =F6 / AVERAGE(F6:F25) -> #DIV/0!
A26: 0 | B26: 0 | C26: 0 | D26: 0 | E26: 0 | F26: 0 | G26: =MAX(C26-D26, ABS(C26-E27), ABS(D26-E27)) -> 0 | H26: =AVERAGE(G13:G26) -> 0 | I26: =AVERAGE(E7:E26) -> 0 | J26: =_xlfn.STDEV.S(E7:E26) -> 0 | K26: =I26 + 2*J26 -> 0 | L26: =I26 - 2*J26 -> 0 | M26: =LN(E25/E26) -> #DIV/0! | N26: =_xlfn.STDEV.S(M17:M26)*SQRT(10) -> #DIV/0! | O26: =_xlfn.STDEV.S(M7:M26)*SQRT(20) -> #DIV/0! | P26: =E26*(2/(9+1)) + P25*(1-(2/(9+1))) -> 0 | Q26: =E26*(2/(21+1)) + Q25*(1-(2/(21+1))) -> 0 | R26: =E26*(2/(12+1)) + R25*(1-(2/(12+1))) -> 0 | T26: =R26 - S26 -> 0 | U26: =T26*0.2 + U25*0.8 -> 0 | V26: =T26 - U26 -> 0 | W26: =E25-E26 -> 0 | X26: =MAX(W26,0) -> 0 | Y26: =MAX(-W26,0) -> 0 | Z26: =AVERAGE(X13:X26) -> 0 | AA26: =AVERAGE(Y13:Y26) -> 0 | AB26: =100-(100/(1+(Z26/AA26))) -> #DIV/0! | AC26: =IF( COUNT(AB13:AB26)<14, "", IF( MAX(AB13:AB26)=MIN(AB13:AB26), 0.5, (AB26-MIN(AB13:AB26)) / (MAX(AB13:AB26)-MIN(AB13:AB26)) ) ) | AD26: =IF(E25>E26,AD25+F25,IF(E25<E26,AD25-F25,AD25)) -> 0 | AE26: =(C26+D26+E26)/3 -> 0 | AF26: =AF25 + AE26*F26 -> 0 | AG26: =AF26 / SUM(F$2:F26) -> #DIV/0! | AH26: =(E25-E26)/E26 -> #DIV/0! | AI26: =MAX(AI25,E26) -> 0 | AJ26: =(E26-AI26)/AI26 -> #DIV/0! | AK26: =F7 / AVERAGE(F7:F26) -> #DIV/0!
A27: 0 | B27: 0 | C27: 0 | D27: 0 | E27: 0 | F27: 0 | G27: =MAX(C27-D27, ABS(C27-E28), ABS(D27-E28)) -> 0 | H27: =AVERAGE(G14:G27) -> 0 | I27: =AVERAGE(E8:E27) -> 0 | J27: =_xlfn.STDEV.S(E8:E27) -> 0 | K27: =I27 + 2*J27 -> 0 | L27: =I27 - 2*J27 -> 0 | M27: =LN(E26/E27) -> #DIV/0! | N27: =_xlfn.STDEV.S(M18:M27)*SQRT(10) -> #DIV/0! | O27: =_xlfn.STDEV.S(M8:M27)*SQRT(20) -> #DIV/0! | P27: =E27*(2/(9+1)) + P26*(1-(2/(9+1))) -> 0 | Q27: =E27*(2/(21+1)) + Q26*(1-(2/(21+1))) -> 0 | R27: =E27*(2/(12+1)) + R26*(1-(2/(12+1))) -> 0 | S27: =AVERAGE(E2:E27) -> 0 | T27: =R27 - S27 -> 0 | U27: =T27*0.2 + U26*0.8 -> 0 | V27: =T27 - U27 -> 0 | W27: =E26-E27 -> 0 | X27: =MAX(W27,0) -> 0 | Y27: =MAX(-W27,0) -> 0 | Z27: =AVERAGE(X14:X27) -> 0 | AA27: =AVERAGE(Y14:Y27) -> 0 | AB27: =100-(100/(1+(Z27/AA27))) -> #DIV/0! | AC27: =IF( COUNT(AB14:AB27)<14, "", IF( MAX(AB14:AB27)=MIN(AB14:AB27), 0.5, (AB27-MIN(AB14:AB27)) / (MAX(AB14:AB27)-MIN(AB14:AB27)) ) ) | AD27: =IF(E26>E27,AD26+F26,IF(E26<E27,AD26-F26,AD26)) -> 0 | AE27: =(C27+D27+E27)/3 -> 0 | AF27: =AF26 + AE27*F27 -> 0 | AG27: =AF27 / SUM(F$2:F27) -> #DIV/0! | AH27: =(E26-E27)/E27 -> #DIV/0! | AI27: =MAX(AI26,E27) -> 0 | AJ27: =(E27-AI27)/AI27 -> #DIV/0! | AK27: =F8 / AVERAGE(F8:F27) -> #DIV/0!
A28: 0 | B28: 0 | C28: 0 | D28: 0 | E28: 0 | F28: 0 | G28: =MAX(C28-D28, ABS(C28-E29), ABS(D28-E29)) -> 0 | H28: =AVERAGE(G15:G28) -> 0 | I28: =AVERAGE(E9:E28) -> 0 | J28: =_xlfn.STDEV.S(E9:E28) -> 0 | K28: =I28 + 2*J28 -> 0 | L28: =I28 - 2*J28 -> 0 | M28: =LN(E27/E28) -> #DIV/0! | N28: =_xlfn.STDEV.S(M19:M28)*SQRT(10) -> #DIV/0! | O28: =_xlfn.STDEV.S(M9:M28)*SQRT(20) -> #DIV/0! | P28: =E28*(2/(9+1)) + P27*(1-(2/(9+1))) -> 0 | Q28: =E28*(2/(21+1)) + Q27*(1-(2/(21+1))) -> 0 | R28: =E28*(2/(12+1)) + R27*(1-(2/(12+1))) -> 0 | S28: =E28*(2/(26+1)) + S27*(1-(2/(26+1))) -> 0 | T28: =R28 - S28 -> 0 | U28: =T28*0.2 + U27*0.8 -> 0 | V28: =T28 - U28 -> 0 | W28: =E27-E28 -> 0 | X28: =MAX(W28,0) -> 0 | Y28: =MAX(-W28,0) -> 0 | Z28: =AVERAGE(X15:X28) -> 0 | AA28: =AVERAGE(Y15:Y28) -> 0 | AB28: =100-(100/(1+(Z28/AA28))) -> #DIV/0! | AC28: =IF( COUNT(AB15:AB28)<14, "", IF( MAX(AB15:AB28)=MIN(AB15:AB28), 0.5, (AB28-MIN(AB15:AB28)) / (MAX(AB15:AB28)-MIN(AB15:AB28)) ) ) | AD28: =IF(E27>E28,AD27+F27,IF(E27<E28,AD27-F27,AD27)) -> 0 | AE28: =(C28+D28+E28)/3 -> 0 | AF28: =AF27 + AE28*F28 -> 0 | AG28: =AF28 / SUM(F$2:F28) -> #DIV/0! | AH28: =(E27-E28)/E28 -> #DIV/0! | AI28: =MAX(AI27,E28) -> 0 | AJ28: =(E28-AI28)/AI28 -> #DIV/0! | AK28: =F9 / AVERAGE(F9:F28) -> #DIV/0!
A29: 0 | B29: 0 | C29: 0 | D29: 0 | E29: 0 | F29: 0 | G29: =MAX(C29-D29, ABS(C29-E30), ABS(D29-E30)) -> 0 | H29: =AVERAGE(G16:G29) -> 0 | I29: =AVERAGE(E10:E29) -> 0 | J29: =_xlfn.STDEV.S(E10:E29) -> 0 | K29: =I29 + 2*J29 -> 0 | L29: =I29 - 2*J29 -> 0 | M29: =LN(E28/E29) -> #DIV/0! | N29: =_xlfn.STDEV.S(M20:M29)*SQRT(10) -> #DIV/0! | O29: =_xlfn.STDEV.S(M10:M29)*SQRT(20) -> #DIV/0! | P29: =E29*(2/(9+1)) + P28*(1-(2/(9+1))) -> 0 | Q29: =E29*(2/(21+1)) + Q28*(1-(2/(21+1))) -> 0 | R29: =E29*(2/(12+1)) + R28*(1-(2/(12+1))) -> 0 | S29: =E29*(2/(26+1)) + S28*(1-(2/(26+1))) -> 0 | T29: =R29 - S29 -> 0 | U29: =T29*0.2 + U28*0.8 -> 0 | V29: =T29 - U29 -> 0 | W29: =E28-E29 -> 0 | X29: =MAX(W29,0) -> 0 | Y29: =MAX(-W29,0) -> 0 | Z29: =AVERAGE(X16:X29) -> 0 | AA29: =AVERAGE(Y16:Y29) -> 0 | AB29: =100-(100/(1+(Z29/AA29))) -> #DIV/0! | AC29: =IF( COUNT(AB16:AB29)<14, "", IF( MAX(AB16:AB29)=MIN(AB16:AB29), 0.5, (AB29-MIN(AB16:AB29)) / (MAX(AB16:AB29)-MIN(AB16:AB29)) ) ) | AD29: =IF(E28>E29,AD28+F28,IF(E28<E29,AD28-F28,AD28)) -> 0 | AE29: =(C29+D29+E29)/3 -> 0 | AF29: =AF28 + AE29*F29 -> 0 | AG29: =AF29 / SUM(F$2:F29) -> #DIV/0! | AH29: =(E28-E29)/E29 -> #DIV/0! | AI29: =MAX(AI28,E29) -> 0 | AJ29: =(E29-AI29)/AI29 -> #DIV/0! | AK29: =F10 / AVERAGE(F10:F29) -> #DIV/0!
A30: 0 | B30: 0 | C30: 0 | D30: 0 | E30: 0 | F30: 0 | G30: =MAX(C30-D30, ABS(C30-E31), ABS(D30-E31)) -> 0 | H30: =AVERAGE(G17:G30) -> 0 | I30: =AVERAGE(E11:E30) -> 0 | J30: =_xlfn.STDEV.S(E11:E30) -> 0 | K30: =I30 + 2*J30 -> 0 | L30: =I30 - 2*J30 -> 0 | M30: =LN(E29/E30) -> #DIV/0! | N30: =_xlfn.STDEV.S(M21:M30)*SQRT(10) -> #DIV/0! | O30: =_xlfn.STDEV.S(M11:M30)*SQRT(20) -> #DIV/0! | P30: =E30*(2/(9+1)) + P29*(1-(2/(9+1))) -> 0 | Q30: =E30*(2/(21+1)) + Q29*(1-(2/(21+1))) -> 0 | R30: =E30*(2/(12+1)) + R29*(1-(2/(12+1))) -> 0 | S30: =E30*(2/(26+1)) + S29*(1-(2/(26+1))) -> 0 | T30: =R30 - S30 -> 0 | U30: =T30*0.2 + U29*0.8 -> 0 | V30: =T30 - U30 -> 0 | W30: =E29-E30 -> 0 | X30: =MAX(W30,0) -> 0 | Y30: =MAX(-W30,0) -> 0 | Z30: =AVERAGE(X17:X30) -> 0 | AA30: =AVERAGE(Y17:Y30) -> 0 | AB30: =100-(100/(1+(Z30/AA30))) -> #DIV/0! | AC30: =IF( COUNT(AB17:AB30)<14, "", IF( MAX(AB17:AB30)=MIN(AB17:AB30), 0.5, (AB30-MIN(AB17:AB30)) / (MAX(AB17:AB30)-MIN(AB17:AB30)) ) ) | AD30: =IF(E29>E30,AD29+F29,IF(E29<E30,AD29-F29,AD29)) -> 0 | AE30: =(C30+D30+E30)/3 -> 0 | AF30: =AF29 + AE30*F30 -> 0 | AG30: =AF30 / SUM(F$2:F30) -> #DIV/0! | AH30: =(E29-E30)/E30 -> #DIV/0! | AI30: =MAX(AI29,E30) -> 0 | AJ30: =(E30-AI30)/AI30 -> #DIV/0! | AK30: =F11 / AVERAGE(F11:F30) -> #DIV/0!
A31: 0 | B31: 0 | C31: 0 | D31: 0 | E31: 0 | F31: 0 | G31: =MAX(C31-D31, ABS(C31-E32), ABS(D31-E32)) -> 0 | H31: =AVERAGE(G18:G31) -> 0 | I31: =AVERAGE(E12:E31) -> 0 | J31: =_xlfn.STDEV.S(E12:E31) -> 0 | K31: =I31 + 2*J31 -> 0 | L31: =I31 - 2*J31 -> 0 | M31: =LN(E30/E31) -> #DIV/0! | N31: =_xlfn.STDEV.S(M22:M31)*SQRT(10) -> #DIV/0! | O31: =_xlfn.STDEV.S(M12:M31)*SQRT(20) -> #DIV/0! | P31: =E31*(2/(9+1)) + P30*(1-(2/(9+1))) -> 0 | Q31: =E31*(2/(21+1)) + Q30*(1-(2/(21+1))) -> 0 | R31: =E31*(2/(12+1)) + R30*(1-(2/(12+1))) -> 0 | S31: =E31*(2/(26+1)) + S30*(1-(2/(26+1))) -> 0 | T31: =R31 - S31 -> 0 | U31: =T31*0.2 + U30*0.8 -> 0 | V31: =T31 - U31 -> 0 | W31: =E30-E31 -> 0 | X31: =MAX(W31,0) -> 0 | Y31: =MAX(-W31,0) -> 0 | Z31: =AVERAGE(X18:X31) -> 0 | AA31: =AVERAGE(Y18:Y31) -> 0 | AB31: =100-(100/(1+(Z31/AA31))) -> #DIV/0! | AC31: =IF( COUNT(AB18:AB31)<14, "", IF( MAX(AB18:AB31)=MIN(AB18:AB31), 0.5, (AB31-MIN(AB18:AB31)) / (MAX(AB18:AB31)-MIN(AB18:AB31)) ) ) | AD31: =IF(E30>E31,AD30+F30,IF(E30<E31,AD30-F30,AD30)) -> 0 | AE31: =(C31+D31+E31)/3 -> 0 | AF31: =AF30 + AE31*F31 -> 0 | AG31: =AF31 / SUM(F$2:F31) -> #DIV/0! | AH31: =(E30-E31)/E31 -> #DIV/0! | AI31: =MAX(AI30,E31) -> 0 | AJ31: =(E31-AI31)/AI31 -> #DIV/0! | AK31: =F12 / AVERAGE(F12:F31) -> #DIV/0!
A32: 0 | B32: 0 | C32: 0 | D32: 0 | E32: 0 | F32: 0 | G32: =MAX(C32-D32, ABS(C32-E33), ABS(D32-E33)) -> 0 | H32: =AVERAGE(G19:G32) -> 0 | I32: =AVERAGE(E13:E32) -> 0 | J32: =_xlfn.STDEV.S(E13:E32) -> 0 | K32: =I32 + 2*J32 -> 0 | L32: =I32 - 2*J32 -> 0 | M32: =LN(E31/E32) -> #DIV/0! | N32: =_xlfn.STDEV.S(M23:M32)*SQRT(10) -> #DIV/0! | O32: =_xlfn.STDEV.S(M13:M32)*SQRT(20) -> #DIV/0! | P32: =E32*(2/(9+1)) + P31*(1-(2/(9+1))) -> 0 | Q32: =E32*(2/(21+1)) + Q31*(1-(2/(21+1))) -> 0 | R32: =E32*(2/(12+1)) + R31*(1-(2/(12+1))) -> 0 | S32: =E32*(2/(26+1)) + S31*(1-(2/(26+1))) -> 0 | T32: =R32 - S32 -> 0 | U32: =T32*0.2 + U31*0.8 -> 0 | V32: =T32 - U32 -> 0 | W32: =E31-E32 -> 0 | X32: =MAX(W32,0) -> 0 | Y32: =MAX(-W32,0) -> 0 | Z32: =AVERAGE(X19:X32) -> 0 | AA32: =AVERAGE(Y19:Y32) -> 0 | AB32: =100-(100/(1+(Z32/AA32))) -> #DIV/0! | AC32: =IF( COUNT(AB19:AB32)<14, "", IF( MAX(AB19:AB32)=MIN(AB19:AB32), 0.5, (AB32-MIN(AB19:AB32)) / (MAX(AB19:AB32)-MIN(AB19:AB32)) ) ) | AD32: =IF(E31>E32,AD31+F31,IF(E31<E32,AD31-F31,AD31)) -> 0 | AE32: =(C32+D32+E32)/3 -> 0 | AF32: =AF31 + AE32*F32 -> 0 | AG32: =AF32 / SUM(F$2:F32) -> #DIV/0! | AH32: =(E31-E32)/E32 -> #DIV/0! | AI32: =MAX(AI31,E32) -> 0 | AJ32: =(E32-AI32)/AI32 -> #DIV/0! | AK32: =F13 / AVERAGE(F13:F32) -> #DIV/0!
A33: 0 | B33: 0 | C33: 0 | D33: 0 | E33: 0 | F33: 0 | G33: =MAX(C33-D33, ABS(C33-E34), ABS(D33-E34)) -> 0 | H33: =AVERAGE(G20:G33) -> 0 | I33: =AVERAGE(E14:E33) -> 0 | J33: =_xlfn.STDEV.S(E14:E33) -> 0 | K33: =I33 + 2*J33 -> 0 | L33: =I33 - 2*J33 -> 0 | M33: =LN(E32/E33) -> #DIV/0! | N33: =_xlfn.STDEV.S(M24:M33)*SQRT(10) -> #DIV/0! | O33: =_xlfn.STDEV.S(M14:M33)*SQRT(20) -> #DIV/0! | P33: =E33*(2/(9+1)) + P32*(1-(2/(9+1))) -> 0 | Q33: =E33*(2/(21+1)) + Q32*(1-(2/(21+1))) -> 0 | R33: =E33*(2/(12+1)) + R32*(1-(2/(12+1))) -> 0 | S33: =E33*(2/(26+1)) + S32*(1-(2/(26+1))) -> 0 | T33: =R33 - S33 -> 0 | U33: =T33*0.2 + U32*0.8 -> 0 | V33: =T33 - U33 -> 0 | W33: =E32-E33 -> 0 | X33: =MAX(W33,0) -> 0 | Y33: =MAX(-W33,0) -> 0 | Z33: =AVERAGE(X20:X33) -> 0 | AA33: =AVERAGE(Y20:Y33) -> 0 | AB33: =100-(100/(1+(Z33/AA33))) -> #DIV/0! | AC33: =IF( COUNT(AB20:AB33)<14, "", IF( MAX(AB20:AB33)=MIN(AB20:AB33), 0.5, (AB33-MIN(AB20:AB33)) / (MAX(AB20:AB33)-MIN(AB20:AB33)) ) ) | AD33: =IF(E32>E33,AD32+F32,IF(E32<E33,AD32-F32,AD32)) -> 0 | AE33: =(C33+D33+E33)/3 -> 0 | AF33: =AF32 + AE33*F33 -> 0 | AG33: =AF33 / SUM(F$2:F33) -> #DIV/0! | AH33: =(E32-E33)/E33 -> #DIV/0! | AI33: =MAX(AI32,E33) -> 0 | AJ33: =(E33-AI33)/AI33 -> #DIV/0! | AK33: =F14 / AVERAGE(F14:F33) -> #DIV/0!
A34: 0 | B34: 0 | C34: 0 | D34: 0 | E34: 0 | F34: 0 | G34: =MAX(C34-D34, ABS(C34-E35), ABS(D34-E35)) -> 0 | H34: =AVERAGE(G21:G34) -> 0 | I34: =AVERAGE(E15:E34) -> 0 | J34: =_xlfn.STDEV.S(E15:E34) -> 0 | K34: =I34 + 2*J34 -> 0 | L34: =I34 - 2*J34 -> 0 | M34: =LN(E33/E34) -> #DIV/0! | N34: =_xlfn.STDEV.S(M25:M34)*SQRT(10) -> #DIV/0! | O34: =_xlfn.STDEV.S(M15:M34)*SQRT(20) -> #DIV/0! | P34: =E34*(2/(9+1)) + P33*(1-(2/(9+1))) -> 0 | Q34: =E34*(2/(21+1)) + Q33*(1-(2/(21+1))) -> 0 | R34: =E34*(2/(12+1)) + R33*(1-(2/(12+1))) -> 0 | S34: =E34*(2/(26+1)) + S33*(1-(2/(26+1))) -> 0 | T34: =R34 - S34 -> 0 | U34: =T34*0.2 + U33*0.8 -> 0 | V34: =T34 - U34 -> 0 | W34: =E33-E34 -> 0 | X34: =MAX(W34,0) -> 0 | Y34: =MAX(-W34,0) -> 0 | Z34: =AVERAGE(X21:X34) -> 0 | AA34: =AVERAGE(Y21:Y34) -> 0 | AB34: =100-(100/(1+(Z34/AA34))) -> #DIV/0! | AC34: =IF( COUNT(AB21:AB34)<14, "", IF( MAX(AB21:AB34)=MIN(AB21:AB34), 0.5, (AB34-MIN(AB21:AB34)) / (MAX(AB21:AB34)-MIN(AB21:AB34)) ) ) | AD34: =IF(E33>E34,AD33+F33,IF(E33<E34,AD33-F33,AD33)) -> 0 | AE34: =(C34+D34+E34)/3 -> 0 | AF34: =AF33 + AE34*F34 -> 0 | AG34: =AF34 / SUM(F$2:F34) -> #DIV/0! | AH34: =(E33-E34)/E34 -> #DIV/0! | AI34: =MAX(AI33,E34) -> 0 | AJ34: =(E34-AI34)/AI34 -> #DIV/0! | AK34: =F15 / AVERAGE(F15:F34) -> #DIV/0!
A35: 0 | B35: 0 | C35: 0 | D35: 0 | E35: 0 | F35: 0 | G35: =MAX(C35-D35, ABS(C35-E36), ABS(D35-E36)) -> 0 | H35: =AVERAGE(G22:G35) -> 0 | I35: =AVERAGE(E16:E35) -> 0 | J35: =_xlfn.STDEV.S(E16:E35) -> 0 | K35: =I35 + 2*J35 -> 0 | L35: =I35 - 2*J35 -> 0 | M35: =LN(E34/E35) -> #DIV/0! | N35: =_xlfn.STDEV.S(M26:M35)*SQRT(10) -> #DIV/0! | O35: =_xlfn.STDEV.S(M16:M35)*SQRT(20) -> #DIV/0! | P35: =E35*(2/(9+1)) + P34*(1-(2/(9+1))) -> 0 | Q35: =E35*(2/(21+1)) + Q34*(1-(2/(21+1))) -> 0 | R35: =E35*(2/(12+1)) + R34*(1-(2/(12+1))) -> 0 | S35: =E35*(2/(26+1)) + S34*(1-(2/(26+1))) -> 0 | T35: =R35 - S35 -> 0 | U35: =T35*0.2 + U34*0.8 -> 0 | V35: =T35 - U35 -> 0 | W35: =E34-E35 -> 0 | X35: =MAX(W35,0) -> 0 | Y35: =MAX(-W35,0) -> 0 | Z35: =AVERAGE(X22:X35) -> 0 | AA35: =AVERAGE(Y22:Y35) -> 0 | AB35: =100-(100/(1+(Z35/AA35))) -> #DIV/0! | AC35: =IF( COUNT(AB22:AB35)<14, "", IF( MAX(AB22:AB35)=MIN(AB22:AB35), 0.5, (AB35-MIN(AB22:AB35)) / (MAX(AB22:AB35)-MIN(AB22:AB35)) ) ) | AD35: =IF(E34>E35,AD34+F34,IF(E34<E35,AD34-F34,AD34)) -> 0 | AE35: =(C35+D35+E35)/3 -> 0 | AF35: =AF34 + AE35*F35 -> 0 | AG35: =AF35 / SUM(F$2:F35) -> #DIV/0! | AH35: =(E34-E35)/E35 -> #DIV/0! | AI35: =MAX(AI34,E35) -> 0 | AJ35: =(E35-AI35)/AI35 -> #DIV/0! | AK35: =F16 / AVERAGE(F16:F35) -> #DIV/0!
A36: 0 | B36: 0 | C36: 0 | D36: 0 | E36: 0 | F36: 0 | G36: =MAX(C36-D36, ABS(C36-E37), ABS(D36-E37)) -> 0 | H36: =AVERAGE(G23:G36) -> 0 | I36: =AVERAGE(E17:E36) -> 0 | J36: =_xlfn.STDEV.S(E17:E36) -> 0 | K36: =I36 + 2*J36 -> 0 | L36: =I36 - 2*J36 -> 0 | M36: =LN(E35/E36) -> #DIV/0! | N36: =_xlfn.STDEV.S(M27:M36)*SQRT(10) -> #DIV/0! | O36: =_xlfn.STDEV.S(M17:M36)*SQRT(20) -> #DIV/0! | P36: =E36*(2/(9+1)) + P35*(1-(2/(9+1))) -> 0 | Q36: =E36*(2/(21+1)) + Q35*(1-(2/(21+1))) -> 0 | R36: =E36*(2/(12+1)) + R35*(1-(2/(12+1))) -> 0 | S36: =E36*(2/(26+1)) + S35*(1-(2/(26+1))) -> 0 | T36: =R36 - S36 -> 0 | U36: =T36*0.2 + U35*0.8 -> 0 | V36: =T36 - U36 -> 0 | W36: =E35-E36 -> 0 | X36: =MAX(W36,0) -> 0 | Y36: =MAX(-W36,0) -> 0 | Z36: =AVERAGE(X23:X36) -> 0 | AA36: =AVERAGE(Y23:Y36) -> 0 | AB36: =100-(100/(1+(Z36/AA36))) -> #DIV/0! | AC36: =IF( COUNT(AB23:AB36)<14, "", IF( MAX(AB23:AB36)=MIN(AB23:AB36), 0.5, (AB36-MIN(AB23:AB36)) / (MAX(AB23:AB36)-MIN(AB23:AB36)) ) ) | AD36: =IF(E35>E36,AD35+F35,IF(E35<E36,AD35-F35,AD35)) -> 0 | AE36: =(C36+D36+E36)/3 -> 0 | AF36: =AF35 + AE36*F36 -> 0 | AG36: =AF36 / SUM(F$2:F36) -> #DIV/0! | AH36: =(E35-E36)/E36 -> #DIV/0! | AI36: =MAX(AI35,E36) -> 0 | AJ36: =(E36-AI36)/AI36 -> #DIV/0! | AK36: =F17 / AVERAGE(F17:F36) -> #DIV/0!
A37: 0 | B37: 0 | C37: 0 | D37: 0 | E37: 0 | F37: 0 | G37: =MAX(C37-D37, ABS(C37-E38), ABS(D37-E38)) -> 0 | H37: =AVERAGE(G24:G37) -> 0 | I37: =AVERAGE(E18:E37) -> 0 | J37: =_xlfn.STDEV.S(E18:E37) -> 0 | K37: =I37 + 2*J37 -> 0 | L37: =I37 - 2*J37 -> 0 | M37: =LN(E36/E37) -> #DIV/0! | N37: =_xlfn.STDEV.S(M28:M37)*SQRT(10) -> #DIV/0! | O37: =_xlfn.STDEV.S(M18:M37)*SQRT(20) -> #DIV/0! | P37: =E37*(2/(9+1)) + P36*(1-(2/(9+1))) -> 0 | Q37: =E37*(2/(21+1)) + Q36*(1-(2/(21+1))) -> 0 | R37: =E37*(2/(12+1)) + R36*(1-(2/(12+1))) -> 0 | S37: =E37*(2/(26+1)) + S36*(1-(2/(26+1))) -> 0 | T37: =R37 - S37 -> 0 | U37: =T37*0.2 + U36*0.8 -> 0 | V37: =T37 - U37 -> 0 | W37: =E36-E37 -> 0 | X37: =MAX(W37,0) -> 0 | Y37: =MAX(-W37,0) -> 0 | Z37: =AVERAGE(X24:X37) -> 0 | AA37: =AVERAGE(Y24:Y37) -> 0 | AB37: =100-(100/(1+(Z37/AA37))) -> #DIV/0! | AC37: =IF( COUNT(AB24:AB37)<14, "", IF( MAX(AB24:AB37)=MIN(AB24:AB37), 0.5, (AB37-MIN(AB24:AB37)) / (MAX(AB24:AB37)-MIN(AB24:AB37)) ) ) | AD37: =IF(E36>E37,AD36+F36,IF(E36<E37,AD36-F36,AD36)) -> 0 | AE37: =(C37+D37+E37)/3 -> 0 | AF37: =AF36 + AE37*F37 -> 0 | AG37: =AF37 / SUM(F$2:F37) -> #DIV/0! | AH37: =(E36-E37)/E37 -> #DIV/0! | AI37: =MAX(AI36,E37) -> 0 | AJ37: =(E37-AI37)/AI37 -> #DIV/0! | AK37: =F18 / AVERAGE(F18:F37) -> #DIV/0!
A38: 0 | B38: 0 | C38: 0 | D38: 0 | E38: 0 | F38: 0 | G38: =MAX(C38-D38, ABS(C38-E39), ABS(D38-E39)) -> 0 | H38: =AVERAGE(G25:G38) -> 0 | I38: =AVERAGE(E19:E38) -> 0 | J38: =_xlfn.STDEV.S(E19:E38) -> 0 | K38: =I38 + 2*J38 -> 0 | L38: =I38 - 2*J38 -> 0 | M38: =LN(E37/E38) -> #DIV/0! | N38: =_xlfn.STDEV.S(M29:M38)*SQRT(10) -> #DIV/0! | O38: =_xlfn.STDEV.S(M19:M38)*SQRT(20) -> #DIV/0! | P38: =E38*(2/(9+1)) + P37*(1-(2/(9+1))) -> 0 | Q38: =E38*(2/(21+1)) + Q37*(1-(2/(21+1))) -> 0 | R38: =E38*(2/(12+1)) + R37*(1-(2/(12+1))) -> 0 | S38: =E38*(2/(26+1)) + S37*(1-(2/(26+1))) -> 0 | T38: =R38 - S38 -> 0 | U38: =T38*0.2 + U37*0.8 -> 0 | V38: =T38 - U38 -> 0 | W38: =E37-E38 -> 0 | X38: =MAX(W38,0) -> 0 | Y38: =MAX(-W38,0) -> 0 | Z38: =AVERAGE(X25:X38) -> 0 | AA38: =AVERAGE(Y25:Y38) -> 0 | AB38: =100-(100/(1+(Z38/AA38))) -> #DIV/0! | AC38: =IF( COUNT(AB25:AB38)<14, "", IF( MAX(AB25:AB38)=MIN(AB25:AB38), 0.5, (AB38-MIN(AB25:AB38)) / (MAX(AB25:AB38)-MIN(AB25:AB38)) ) ) | AD38: =IF(E37>E38,AD37+F37,IF(E37<E38,AD37-F37,AD37)) -> 0 | AE38: =(C38+D38+E38)/3 -> 0 | AF38: =AF37 + AE38*F38 -> 0 | AG38: =AF38 / SUM(F$2:F38) -> #DIV/0! | AH38: =(E37-E38)/E38 -> #DIV/0! | AI38: =MAX(AI37,E38) -> 0 | AJ38: =(E38-AI38)/AI38 -> #DIV/0! | AK38: =F19 / AVERAGE(F19:F38) -> #DIV/0!
A39: 0 | B39: 0 | C39: 0 | D39: 0 | E39: 0 | F39: 0 | G39: =MAX(C39-D39, ABS(C39-E40), ABS(D39-E40)) -> 0 | H39: =AVERAGE(G26:G39) -> 0 | I39: =AVERAGE(E20:E39) -> 0 | J39: =_xlfn.STDEV.S(E20:E39) -> 0 | K39: =I39 + 2*J39 -> 0 | L39: =I39 - 2*J39 -> 0 | M39: =LN(E38/E39) -> #DIV/0! | N39: =_xlfn.STDEV.S(M30:M39)*SQRT(10) -> #DIV/0! | O39: =_xlfn.STDEV.S(M20:M39)*SQRT(20) -> #DIV/0! | P39: =E39*(2/(9+1)) + P38*(1-(2/(9+1))) -> 0 | Q39: =E39*(2/(21+1)) + Q38*(1-(2/(21+1))) -> 0 | R39: =E39*(2/(12+1)) + R38*(1-(2/(12+1))) -> 0 | S39: =E39*(2/(26+1)) + S38*(1-(2/(26+1))) -> 0 | T39: =R39 - S39 -> 0 | U39: =T39*0.2 + U38*0.8 -> 0 | V39: =T39 - U39 -> 0 | W39: =E38-E39 -> 0 | X39: =MAX(W39,0) -> 0 | Y39: =MAX(-W39,0) -> 0 | Z39: =AVERAGE(X26:X39) -> 0 | AA39: =AVERAGE(Y26:Y39) -> 0 | AB39: =100-(100/(1+(Z39/AA39))) -> #DIV/0! | AC39: =IF( COUNT(AB26:AB39)<14, "", IF( MAX(AB26:AB39)=MIN(AB26:AB39), 0.5, (AB39-MIN(AB26:AB39)) / (MAX(AB26:AB39)-MIN(AB26:AB39)) ) ) | AD39: =IF(E38>E39,AD38+F38,IF(E38<E39,AD38-F38,AD38)) -> 0 | AE39: =(C39+D39+E39)/3 -> 0 | AF39: =AF38 + AE39*F39 -> 0 | AG39: =AF39 / SUM(F$2:F39) -> #DIV/0! | AH39: =(E38-E39)/E39 -> #DIV/0! | AI39: =MAX(AI38,E39) -> 0 | AJ39: =(E39-AI39)/AI39 -> #DIV/0! | AK39: =F20 / AVERAGE(F20:F39) -> #DIV/0!
... A501: 0 | B501: 0 | C501: 0 | D501: 0 | E501: 0 | F501: 0 | G501: =MAX(C501-D501, ABS(C501-E502), ABS(D501-E502)) -> 0 | H501: =AVERAGE(G488:G501) -> 0 | I501: =AVERAGE(E482:E501) -> 0 | J501: =_xlfn.STDEV.S(E482:E501) -> 0 | K501: =I501 + 2*J501 -> 0 | L501: =I501 - 2*J501 -> 0 | M501: =LN(E500/E501) -> #DIV/0! | N501: =_xlfn.STDEV.S(M492:M501)*SQRT(10) -> #DIV/0! | O501: =_xlfn.STDEV.S(M482:M501)*SQRT(20) -> #DIV/0! | P501: =E501*(2/(9+1)) + P500*(1-(2/(9+1))) -> 0 | Q501: =E501*(2/(21+1)) + Q500*(1-(2/(21+1))) -> 0 | R501: =E501*(2/(12+1)) + R500*(1-(2/(12+1))) -> 0 | S501: =E501*(2/(26+1)) + S500*(1-(2/(26+1))) -> 0 | T501: =R501 - S501 -> 0 | U501: =T501*0.2 + U500*0.8 -> 0 | V501: =T501 - U501 -> 0 | W501: =E500-E501 -> 0 | X501: =MAX(W501,0) -> 0 | Y501: =MAX(-W501,0) -> 0 | Z501: =AVERAGE(X488:X501) -> 0 | AA501: =AVERAGE(Y488:Y501) -> 0 | AB501: =100-(100/(1+(Z501/AA501))) -> #DIV/0! | AC501: =IF( COUNT(AB488:AB501)<14, "", IF( MAX(AB488:AB501)=MIN(AB488:AB501), 0.5, (AB501-MIN(AB488:AB501)) / (MAX(AB488:AB501)-MIN(AB488:AB501)) ) ) | AD501: =IF(E500>E501,AD500+F500,IF(E500<E501,AD500-F500,AD500)) -> 0 | AE501: =(C501+D501+E501)/3 -> 0 | AF501: =AF500 + AE501*F501 -> 0 | AG501: =AF501 / SUM(F$2:F501) -> #DIV/0! | AH501: =(E500-E501)/E501 -> #DIV/0! | AI501: =MAX(AI500,E501) -> 0 | AJ501: =(E501-AI501)/AI501 -> #DIV/0! | AK501: =F482 / AVERAGE(F482:F501) -> #DIV/0!

Sheet Signals 15m
B2: Trend | C2: {=IF( INDEX('Indicators 15m'!P:P, MAX(IF('Indicators 15m'!P:P<>"", ROW('Indicators 15m'!P:P)))) > INDEX('Indicators 15m'!Q:Q, MAX(IF('Indicators 15m'!P:P<>"", ROW('Indicators 15m'!P:P)))), "UP", "DOWN" )} -> DOWN
B3: Momentum Confirmation
B4: BUY Signal
B5: SELL Signal
B6: Signal Strength

Sheet Performance Report
L1: {='Portfolio Risk Matrics'!A1:INDEX('Portfolio Risk Matrics'!A:A, 'Performance Report'!C13 + 1)} -> OpenDateTimeIST | M1: {='Portfolio Risk Matrics'!$E$1:INDEX('Portfolio Risk Matrics'!$E:$E, 'Performance Report'!$C$13 + 1)} -> Close | N1: Portfolio Value | O1: Running Peak | P1: Drawdown % | Q1: Log Return
L2: 46010.229 | M2: 88000.14 | N2: =$C$6*M2 -> 4400.007 | O2: =MAX(N2:$N$732) -> 6232.927 | P2: =(N2 - O2)/O2 -> -0.29407051
L3: 46009.229 | M3: 85516.41 | N3: =$C$6*M3 -> 4275.8205 | O3: =MAX(N3:$N$732) -> 6232.927 | P3: =(N3 - O3)/O3 -> -0.31399477 | Q3: =LN(N3 / N2) -> -0.028630118
L4: 46008.229 | M4: 86243.22 | N4: =$C$6*M4 -> 4312.161 | O4: =MAX(N4:$N$732) -> 6232.927 | P4: =(N4 - O4)/O4 -> -0.30816437 | Q4: =LN(N4 / N3) -> 0.0084631568
B5: Asset | C5: BTC | L5: 46007.229 | M5: 87863.42 | N5: =$C$6*M5 -> 4393.171 | O5: =MAX(N5:$N$732) -> 6232.927 | P5: =(N5 - O5)/O5 -> -0.29516726 | Q5: =LN(N5 / N4) -> 0.018612119
B6: Quantity | C6: 0.05 | L6: 46006.229 | M6: 86432.08 | N6: =$C$6*M6 -> 4321.604 | O6: =MAX(N6:$N$732) -> 6232.927 | P6: =(N6 - O6)/O6 -> -0.30664935 | Q6: =LN(N6 / N5) -> -0.01642466
B7: Buy Date | C7: 45279 | L7: 46005.229 | M7: 88172.17 | N7: =$C$6*M7 -> 4408.6085 | O7: =MAX(N7:$N$732) -> 6232.927 | P7: =(N7 - O7)/O7 -> -0.2926905 | Q7: =LN(N7 / N6) -> 0.019932477
B8: Buy Price | C8: 42270.53 | L8: 46004.229 | M8: 90240.01 | N8: =$C$6*M8 -> 4512.0005 | O8: =MAX(N8:$N$732) -> 6232.927 | P8: =(N8 - O8)/O8 -> -0.27610246 | Q8: =LN(N8 / N7) -> 0.023181518
B9: Invested Amount | C9: =C6 * C8 -> 2113.5265 | L9: 46003.229 | M9: 90268.42 | N9: =$C$6*M9 -> 4513.421 | O9: =MAX(N9:$N$732) -> 6232.927 | P9: =(N9 - O9)/O9 -> -0.27587456 | Q9: =LN(N9 / N8) -> 0.00031477755
B10: Current Value | C10: =C6*'Ticker Streams'!B8 -> 4400.3165 | L10: 46002.229 | M10: 92513.38 | N10: =$C$6*M10 -> 4625.669 | O10: =MAX(N10:$N$732) -> 6232.927 | P10: =(N10 - O10)/O10 -> -0.25786569 | Q10: =LN(N10 / N9) -> 0.024565607
B11: Absolute P&L | C11: =C10 - C9 -> 2286.79 | L11: 46001.229 | M11: 92015.37 | N11: =$C$6*M11 -> 4600.7685 | O11: =MAX(N11:$N$732) -> 6232.927 | P11: =(N11 - O11)/O11 -> -0.26186068 | Q11: =LN(N11 / N10) -> -0.0053976544
B12: P&L % | C12: =('Ticker Streams'!B8-C8)/C8 -> 1.0819784 | H12: . | L12: 46000.229 | M12: 92678.8 | N12: =$C$6*M12 -> 4633.94 | O12: =MAX(N12:$N$732) -> 6232.927 | P12: =(N12 - O12)/O12 -> -0.2565387 | Q12: =LN(N12 / N11) -> 0.0071841234
B13: Holding Days | C13: =TODAY() - C7 -> 731 | L13: 45999.229 | M13: 90634.34 | N13: =$C$6*M13 -> 4531.717 | O13: =MAX(N13:$N$732) -> 6232.927 | P13: =(N13 - O13)/O13 -> -0.27293918 | Q13: =LN(N13 / N12) -> -0.022306582
B14: Annualized Return (CAGR-style) | C14: =('Ticker Streams'!B8/C8)^(356/C13)-1 -> 0.42922046 | L14: 45998.229 | M14: 90395.31 | N14: =$C$6*M14 -> 4519.7655 | O14: =MAX(N14:$N$732) -> 6232.927 | P14: =(N14 - O14)/O14 -> -0.27485666 | Q14: =LN(N14 / N13) -> -0.0026407844
L15: 45997.229 | M15: 89236.79 | N15: =$C$6*M15 -> 4461.8395 | O15: =MAX(N15:$N$732) -> 6232.927 | P15: =(N15 - O15)/O15 -> -0.28415021 | Q15: =LN(N15 / N14) -> -0.012898987
L16: 45996.229 | M16: 89330.04 | N16: =$C$6*M16 -> 4466.502 | O16: =MAX(N16:$N$732) -> 6232.927 | P16: =(N16 - O16)/O16 -> -0.28340216 | Q16: =LN(N16 / N15) -> 0.001044427
L17: 45995.229 | M17: 92078.06 | N17: =$C$6*M17 -> 4603.903 | O17: =MAX(N17:$N$732) -> 6232.927 | P17: =(N17 - O17)/O17 -> -0.26135779 | Q17: =LN(N17 / N16) -> 0.03029887
L18: 45994.229 | M18: 93429.95 | N18: =$C$6*M18 -> 4671.4975 | O18: =MAX(N18:$N$732) -> 6232.927 | P18: =(N18 - O18)/O18 -> -0.25051304 | Q18: =LN(N18 / N17) -> 0.014575262
L19: 45993.229 | M19: 91277.88 | N19: =$C$6*M19 -> 4563.894 | O19: =MAX(N19:$N$732) -> 6232.927 | P19: =(N19 - O19)/O19 -> -0.26777676 | Q19: =LN(N19 / N18) -> -0.023303478
L20: 45992.229 | M20: 86286.01 | N20: =$C$6*M20 -> 4314.3005 | O20: =MAX(N20:$N$732) -> 6232.927 | P20: =(N20 - O20)/O20 -> -0.30782111 | Q20: =LN(N20 / N19) -> -0.056241004
L21: 45991.229 | M21: 90360 | N21: =$C$6*M21 -> 4518 | O21: =MAX(N21:$N$732) -> 6232.927 | P21: =(N21 - O21)/O21 -> -0.27513991 | Q21: =LN(N21 / N20) -> 0.046134216
L22: 45990.229 | M22: 90802.44 | N22: =$C$6*M22 -> 4540.122 | O22: =MAX(N22:$N$732) -> 6232.927 | P22: =(N22 - O22)/O22 -> -0.2715907 | Q22: =LN(N22 / N21) -> 0.0048844659
L23: 45989.229 | M23: 90890.7 | N23: =$C$6*M23 -> 4544.535 | O23: =MAX(N23:$N$732) -> 6232.927 | P23: =(N23 - O23)/O23 -> -0.27088268 | Q23: =LN(N23 / N22) -> 0.00097152823
L24: 45988.229 | M24: 91333.95 | N24: =$C$6*M24 -> 4566.6975 | O24: =MAX(N24:$N$732) -> 6232.927 | P24: =(N24 - O24)/O24 -> -0.26732697 | Q24: =LN(N24 / N23) -> 0.0048648838
L25: 45987.229 | M25: 90484.02 | N25: =$C$6*M25 -> 4524.201 | O25: =MAX(N25:$N$732) -> 6232.927 | P25: =(N25 - O25)/O25 -> -0.27414504 | Q25: =LN(N25 / N24) -> -0.009349309
L26: 45986.229 | M26: 87369.96 | N26: =$C$6*M26 -> 4368.498 | O26: =MAX(N26:$N$732) -> 6232.927 | P26: =(N26 - O26)/O26 -> -0.29912576 | Q26: =LN(N26 / N25) -> -0.035021744
... L732: 45280.229 | M732: 43668.93 | N732: =$C$6*M732 -> 2183.4465 | O732: =MAX(N732:$N$732) -> 2183.4465 | P732: =(N732 - O732)/O732 -> 0 | Q732: =LN(N732 / N731) -> -0.0044069166
